{
  "num_questions": 100,
  "num_predicted": 100,
  "accuracy": 0.0,
  "avg_latency_s": 2.9204922680402525,
  "median_latency_s": 2.5078054665063974,
  "avg_generated_tokens": 46.25,
  "avg_tokens_per_s": 15.836371322097452,
  "avg_generation_latency_s": 1.1875486822865786,
  "avg_generation_tokens_per_s": 38.945771815389854,
  "bertscore_precision": null,
  "bertscore_recall": null,
  "bertscore_f1": null
}